,City,Neighborhood,Studio,1BR,2BR,Budget,Locations,0_l-1,0_l-2,0_l-3,dem-1,dem-2,dem-3,dem-4,dem-5,dem-6,dem-7,dem-8,dem-9,dem-10,eng-1,eng-2,eng-3,eng-4,env-1,env-2,env-3,env-4,hea-1,hea-2,hea-3,hea-4,hea-5,liv-1,liv-2,liv-3,liv-4,liv-5,liv-6,liv-7,nei-1,nei-2,nei-3,nei-4,nei-5,nei-6,nei-7,nei-8,nei-9,opp-1,opp-2,opp-3,opp-4,tra-1,tra-2,tra-3,tra-4,tra-5,tra-6,tra-7
0,"Boston, MA",Allston,,1875,2600,Cheap,"Allston, Boston, MA",42.3539038,"Allston, Boston, MA",-71.1337112,79,37981,11,0,14,10,12,31,32,1496,96,0.087,7.208,0.974,0.333,0,0,46.5,99.6,0,19.8,49.93,19.1,57,61,70,50,78,23,87,17,1,2,26458,223696,357,0.758,54369,23.7,0.55,71,0.533,0.873,78.2,34.683,2.487,294,9816,25.46,1.47
1,"Boston, MA",Back Bay East,,2850,4950,Pricey,"Back Bay East, Boston, MA",42.3521337,"Back Bay East, Boston, MA",-71.0780044,79,103681,35,14,0,11,12,6,6,854,17.9,0.082,7.208,0.974,0.333,0,0,19.8,99.6,0,17.2,49.93,10,48,66,81,43,82,35,97,11,1,3,42388,252894,357,0.902,102872,16.9,0.808,71,0.533,0.873,78.2,34.683,2.783,223,8428,26.78,2.31
2,"Boston, MA",Back Bay West,,2675,,Pricey,"Back Bay West, Boston, MA",42.3494093,"Back Bay West, Boston, MA",-71.0898892,79,92500,28,12,4,8,12,7,29,1421,58.3,0.08,7.208,0.974,0.333,0,0,100,99.6,0,15.5,49.93,14.2,52,48,78,41,74,30,84,10,0,3,47203,274294,357,0.908,91593,14,0.71,71,0.533,0.873,78.2,34.683,2.651,214,7670,38.82,1.88
3,"Boston, MA",Bay Village,,3900,6565,Pricey,"Bay Village, Boston, MA",42.3489568,"Bay Village, Boston, MA",-71.0698335,79,192763,48,32,0,15,12,0,12,784,70.2,0.084,7.208,0.974,0.333,0,0,31.2,99.6,0,18.8,49.93,12,54,64,77,64,77,22,98,19,0,7,67268,275390,357,0.885,112610,17.9,0.534,71,0.533,0.873,78.2,34.683,2.685,279,8988,26.38,4.06
4,"Boston, MA",Beacon Hill,,2395,2950,Average,"Beacon Hill, Boston, MA",42.3587999,"Beacon Hill, Boston, MA",-71.0707389,79,103281,37,17,0,8,12,0,5,959,49.8,0.083,7.208,0.974,0.333,0,0,100,99.6,0,17,49.93,8.4,52,48,83,43,85,37,99,9,1,7,49891,280554,357,0.9,87103,6.8,0.84,71,0.533,0.873,78.2,34.683,2.628,63.333,7479,25.95,4.64
5,"Boston, MA",Blue Hills Reservation,,2145,2540,Average,"Blue Hills Reservation, Boston, MA",42.215952,"Blue Hills Reservation, Boston, MA",-71.0676048,81,67188,31,15,11,18,10,2,13,2059,0,0.175,6.732,0.974,2.333,8.2,5.09E-09,8,95.7,0,23.3,56.542,17.2,53,22,60,34,62,71,27,0,0,1,465,142967,140,0.877,8114,3.4,0.974,90,0.475,0.873,78.3,34.683,4.904,0,13880,42.15,0.49
6,"Boston, MA",Brighton,1625,1875,2360,Cheap,"Brighton, Boston, MA",42.3463503,"Brighton, Boston, MA",-71.1626756,79,71863,32,10,11,31,12,1,6,1841,69.7,0.1,7.208,0.974,0.333,0,0,0,99.6,0,18.7,49.93,15.2,55,82,74,44,77,35,59,5,1,5,12647,140477,357,0.541,15540,3.5,0.803,71,0.533,0.873,78.2,34.683,1.768,0,11215,26.01,0.79
7,"Boston, MA",Brookline,,2398,2688,Average,"Brookline, Boston, MA",42.3317642,"Brookline, Boston, MA",-71.1211635,81,126207,22,4,1,12,10,8,4,1484,89.3,0.083,6.732,0.974,2.333,8.2,0,77.7,95.7,0,19.9,49.93,16.2,65,33,69,34,83,63,84,6,1,9,27181,162041,140,0.529,44268,11.8,0.857,92,0.475,0.873,78.3,34.683,2.466,119,10272,27.06,1.69
8,"Boston, MA",Burlington,,2000,,Cheap,"Burlington, Boston, MA",42.5047161,"Burlington, Boston, MA",-71.1956205,81,85859,31,12,0,11,9,10,7,2964,90.9,0.363,6.51,0.974,0.333,11.3,0,0,96.6,0,22.2,52.16,15.8,73,63,65,38,69,66,44,1,1,3,2642,106705,160,0.797,0,10.2,0.881,93,0.473,0.873,78.2,34.683,3.282,0,13818,26.17,0.53
9,"Boston, MA",Cambridgeport,,2903,,Pricey,"Cambridgeport, Boston, MA",42.358302,"Cambridgeport, Boston, MA",-71.1095995,81,89844,14,4,8,10,9,15,11,1757,46.6,0.08,6.51,0.974,0.333,11.3,0,0,96.6,0,21.2,33.879,10.9,58,63,74,52,83,62,91,9,1,6,29193,217711,160,0.512,73534,8.8,0.847,92,0.473,0.873,78.2,34.683,2.573,107,9037,25.27,2.06
10,"Boston, MA",Chinatown - Leather District,,2963,,Pricey,"Chinatown - Leather District, Boston, MA",42.3504906,"Chinatown - Leather District, Boston, MA",-71.0579481,79,144219,21,4,0,31,12,4,13,658,17.4,0.087,7.208,0.974,0.333,0,8.48E-09,86.5,99.6,0,16.8,49.93,12.7,49,27,78,49,75,45,74,36,0,6,14672,299025,357,0.894,131794,24.9,0.934,71,0.533,0.873,78.2,34.683,2.619,330,9646,34.26,1.06
11,"Boston, MA",Columbus,,2600,3200,Average,"Columbus, Boston, MA",42.3442847,"Columbus, Boston, MA",-71.0772616,79,92396,35,9,28,8,12,13,11,1188,32.5,0.083,7.208,0.974,0.333,0,0,0,99.6,0,21.5,49.93,13.9,50,82,73,56,88,41,100,19,1,9,48218,223122,357,0.935,93558,3.2,0.883,71,0.533,0.873,78.2,34.683,2.605,271,8192,25.87,2.88
12,"Boston, MA",D Street - West Broadway,2760,3232,3907,Pricey,"D Street - West Broadway, Boston, MA",42.340677,"D Street - West Broadway, Boston, MA",-71.0485931,79,81627,23,7,1,4,12,4,4,2009,36.4,0.094,7.208,0.974,0.333,0,0.0014858,20,99.6,0,17.1,49.93,11.6,51,61,79,45,63,30,72,3,0,0,11269,239366,357,0.831,47301,10.3,0.706,71,0.533,0.873,78.2,34.683,2.656,15,9644,29.31,1.25
13,"Boston, MA",Davis Square,,2250,,Average,"Davis Square, Boston, MA",42.3967172,"Davis Square, Boston, MA",-71.1223151,81,107727,26,8,1,1,9,2,11,969,100,0.09,6.51,0.974,0.333,11.3,0,0,96.6,0,19.4,55.727,11.2,64,63,69,42,83,46,82,9,1,2,27565,146286,160,0.824,56842,5.2,0.736,81,0.473,0.873,78.2,34.683,2.259,281,10336,25.95,1.27
14,"Boston, MA",Downtown Boston,2838,3355,4541,Pricey,"Downtown Boston, Boston, MA",42.3557089,"Downtown Boston, Boston, MA",-71.0572053,79,96115,41,1,15,48,12,3,0,485,47,0.086,7.208,0.974,0.333,0,0,51.7,99.6,0,16.8,49.93,12.7,52,60,78,31,74,31,85,40,0,8,36625,338287,357,0.846,126707,51,0.726,71,0.533,0.873,78.2,34.683,2.546,462,13820,29.11,6.38
15,"Boston, MA",East Boston,,1774,2200,Cheap,"East Boston, Boston, MA",42.3702137,"East Boston, Boston, MA",-71.0388601,79,71250,26,1,9,2,12,66,10,495,63.1,0.095,7.208,0.974,0.333,0,0,55.8,99.6,0,30.9,49.93,25.3,54,59,58,61,81,23,92,33,1,5,28388,195403,357,0.607,65538,10.8,0.551,71,0.533,0.873,78.2,34.683,2.41,162,9085,26.27,1.99
16,"Boston, MA",East Cambridge,,3080,3555,Pricey,"East Cambridge, Boston, MA",42.3686043,"East Cambridge, Boston, MA",-71.0773939,81,87639,46,19,5,11,9,6,7,1405,51.1,0.082,6.51,0.974,0.333,11.3,7.11E-05,80.4,96.6,0,20.1,33.879,11.4,58,33,74,46,80,56,85,1,1,5,23251,243070,160,0.775,58654,15.2,0.747,92,0.473,0.873,78.2,34.683,2.477,109,9657,27.34,1.82
17,"Boston, MA",Harrison Lenox,,2875,3400,Pricey,"Harrison Lenox, Boston, MA",42.3368621,"Harrison Lenox, Boston, MA",-71.0720619,79,21250,37,27,22,31,12,7,30,1308,59.6,0.085,7.208,0.974,0.333,0,0,10,99.6,0,23.3,49.93,16.2,53,69,70,58,87,33,92,17,1,9,41022,238809,357,0.914,93699,4.4,0.767,71,0.533,0.873,78.2,34.683,2.576,351,8252,25,1.36
18,"Boston, MA",Malden,1500,1675,2100,Cheap,"Malden, Boston, MA",42.4250964,"Malden, Boston, MA",-71.066163,81,21000,23,14,2,31,9,2,33,741,40.5,0.113,6.51,0.974,0.333,11.3,9.56E-08,0,96.6,0,22.2,65.184,15.8,57,28,60,59,84,52,75,15,1,5,12183,147510,160,0.835,40756,8.3,0.837,80,0.473,0.873,78.2,34.683,2.508,174,10272,26.75,0.9
19,"Boston, MA",Mid-Cambridge,2030,2300,2725,Average,"Mid-Cambridge, Boston, MA",42.3723884,"Mid-Cambridge, Boston, MA",-71.1062302,81,108846,30,7,0,4,9,4,5,2035,0,0.081,6.51,0.974,0.333,11.3,0,0,96.6,0,21,33.879,11.2,46,63,74,44,85,64,77,12,1,3,51813,151696,160,0.785,51081,6.4,0.873,92,0.473,0.873,78.2,34.683,2.253,126,9833,25.84,0.95
20,"Boston, MA",Mission Hill,,2250,2598,Average,"Mission Hill, Boston, MA",42.329617,"Mission Hill, Boston, MA",-71.1062302,79,55833,17,9,10,9,12,14,35,1656,0,0.084,7.208,0.974,0.333,0,0,0,99.6,0,21,49.93,14.6,40,82,73,56,81,34,70,14,1,8,32754,148581,357,0.52,41762,3.4,0.787,71,0.533,0.873,78.2,34.683,2.63,30.333,9975,25.18,0.68
21,"Boston, MA",Neighborhood Nine,,2478,2900,Average,"Neighborhood Nine, Boston, MA",42.3863884,"Neighborhood Nine, Boston, MA",-71.1269712,81,61151,27,10,42,13,9,2,18,2250,37.7,0.09,6.51,0.974,0.333,11.3,0,0,96.6,0,23,33.879,11.1,58,63,72,57,90,56,57,5,1,6,24571,130387,160,0.919,34289,0,0.737,92,0.473,0.873,78.2,34.683,2.375,0,13820,25,1.19
22,"Boston, MA",Newton Center,,1938,2400,Cheap,"Newton Center, Boston, MA",42.3300503,"Newton Center, Boston, MA",-71.1948255,81,116786,39,12,3,11,9,4,14,1626,96.2,0.137,6.51,0.974,0.333,11.3,0,22.2,96.6,0,20.2,49.93,9.1,66,47,76,30,69,80,55,0,0,2,8227,159548,160,0.829,19575,1.7,0.967,97,0.473,0.873,78.2,34.683,1.995,1.667,12692,27.11,0.72
23,"Boston, MA",North Cambridge,,2749,3382,Pricey,"North Cambridge, Boston, MA",42.3933869,"North Cambridge, Boston, MA",-71.1308572,81,89357,38,11,2,6,9,8,0,1031,3.5,0.09,6.51,0.974,0.333,11.3,0,0,96.6,0,20.4,33.879,10.5,52,63,75,39,86,63,80,11,1,5,17275,116513,160,0.925,47376,2.5,0.862,92,0.473,0.873,78.2,34.683,2.377,147,10395,25,1.19
24,"Boston, MA",North End,,2400,2830,Average,"North End, Boston, MA",42.3647024,"North End, Boston, MA",-71.0542339,79,70234,18,10,1,5,12,1,6,1471,0,0.086,7.208,0.974,0.333,0,0,64.1,99.6,0,17.7,49.93,13.6,40,58,77,50,86,28,100,14,1,14,78248,224598,357,0.809,77955,9.1,0.67,71,0.533,0.873,78.2,34.683,2.586,77.333,7416,26.38,12.85
25,"Boston, MA",Oak Square,,1775,2200,Cheap,"Oak Square, Boston, MA",42.3529759,"Oak Square, Boston, MA",-71.159705,79,90000,36,8,0,2,12,5,13,650,100,0.093,7.208,0.974,0.333,0,0,0,99.6,0,21.2,49.93,17.7,59,82,70,37,85,43,77,5,1,9,18566,140469,357,0.706,28223,0,0.911,71,0.533,0.873,78.2,34.683,1.959,32,10878,26.5,1.35
26,"Boston, MA",Prudential - St. Botolph,,3270,6288,Pricey,"Prudential - St. Botolph, Boston, MA",42.3471679,"Prudential - St. Botolph, Boston, MA",-71.0802329,79,87917,42,24,2,6,12,2,12,1450,61.6,0.081,7.208,0.974,0.333,0,0,91.6,99.6,0,18.2,49.93,10.6,53,52,79,46,83,34,87,15,1,3,89652,259726,357,0.914,109581,17.2,0.782,71,0.533,0.873,78.2,34.683,2.64,417,8620,32.38,1.71
27,"Boston, MA",Quincy,,1595,2200,Cheap,"Quincy, Boston, MA",42.2528772,"Quincy, Boston, MA",-71.0022705,81,63875,20,3,4,38,10,4,2,1254,0,0.218,6.732,0.974,2.333,8.2,0,26.9,95.7,0,21.1,56.542,15.6,55,41,63,50,82,54,71,8,1,3,26265,114215,140,0.828,33399,14.3,0.771,90,0.475,0.873,78.3,34.683,4.906,239,10594,26.39,0.86
28,"Boston, MA",Roxbury,,1850,2650,Cheap,"Roxbury, Boston, MA",42.3151978,"Roxbury, Boston, MA",-71.0913748,79,50698,33,1,46,0,12,41,41,391,0,0.089,7.208,0.974,0.333,0,0,0,99.6,0,35.7,49.93,21.4,41,82,58,91,84,44,88,11,1,3,23062,113796,357,0.728,33324,0,0.92,71,0.533,0.873,78.2,34.683,2.7,163,9781,25,1.66
29,"Boston, MA",Seaport District,,3292,4307,Pricey,"Seaport District, Boston, MA",42.3462441,"Seaport District, Boston, MA",-71.04211,79,81627,23,7,1,4,12,4,4,2009,36.4,0.094,7.208,0.974,0.333,0,0.0014858,20,99.6,0,17.1,49.93,11.6,51,61,79,45,63,30,72,3,0,0,11269,239366,357,0.831,47301,10.3,0.706,71,0.533,0.873,78.2,34.683,2.656,15,9644,29.31,1.25
30,"Boston, MA",Shawmut,,3145,3740,Pricey,"Shawmut, Boston, MA",42.3432703,"Shawmut, Boston, MA",-71.0713191,79,145865,26,7,4,30,12,2,6,1787,62.7,0.085,7.208,0.974,0.333,0,0,0,99.6,0,21.2,49.93,14.2,53,82,73,73,86,40,100,18,1,9,58614,236080,357,0.925,99344,12.7,0.879,71,0.533,0.873,78.2,34.683,2.635,237,8184,26.33,2.68
31,"Boston, MA",Somerville,1850,2000,2550,Cheap,"Somerville, Boston, MA",42.3875968,"Somerville, Boston, MA",-71.0994968,81,49031,23,8,6,15,9,9,26,1199,100,0.085,6.51,0.974,0.333,11.3,0,0,96.6,0,22.1,55.727,14.1,63,63,64,48,87,47,80,11,1,5,33090,169257,160,0.791,43596,1.6,0.744,81,0.473,0.873,78.2,34.683,2.357,147,9634,25.8,1.11
32,"Boston, MA",South Boston,2725,3175,3747,Pricey,"South Boston, Boston, MA",42.3381437,"South Boston, Boston, MA",-71.0475773,79,81627,23,7,1,4,12,4,4,2009,36.4,0.094,7.208,0.974,0.333,0,0.0014858,20,99.6,0,17.1,49.93,11.6,51,61,79,45,63,30,72,3,0,0,11269,239366,357,0.831,47301,10.3,0.706,71,0.533,0.873,78.2,34.683,2.656,15,9644,29.31,1.25
33,"Boston, MA",South End,,2950,3350,Pricey,"South End, Boston, MA",42.3388111,"South End, Boston, MA",-71.0765188,79,71181,23,6,15,10,12,16,21,2431,19.4,0.084,7.208,0.974,0.333,0,0,0,99.6,0,24,49.93,15.7,49,82,70,66,84,31,100,17,1,9,51366,198383,357,0.939,85488,17.7,0.722,71,0.533,0.873,78.2,34.683,2.552,427,7811,27.07,3.47
34,"Boston, MA",Spring Hill,,1950,2500,Cheap,"Spring Hill, Boston, MA",42.3857038,"Spring Hill, Boston, MA",-71.1077157,81,99185,22,11,0,19,9,6,10,894,100,0.084,6.51,0.974,0.333,11.3,0,0,96.6,0,22.1,55.727,14.1,63,63,64,45,82,42,82,12,0,6,19281,133831,160,0.857,41477,0,0.639,81,0.473,0.873,78.2,34.683,2.32,82,9483,25,1.24
35,"Boston, MA",Washington Square,,2255,2795,Average,"Washington Square, Boston, MA",42.3474685,"Washington Square, Boston, MA",-71.149032,79,14005,27,16,23,13,12,22,51,1357,0,0.087,7.208,0.974,0.333,0,0,0,99.6,0,21.8,49.93,18.3,40,82,69,100,82,50,75,10,1,6,44392,133692,357,0.734,26476,4.6,0.97,71,0.533,0.873,78.2,34.683,2.314,183,9606,26.02,0.62
36,"Boston, MA",Woburn,,1550,,Cheap,"Woburn, Boston, MA",42.4792618,"Woburn, Boston, MA",-71.1522765,81,63913,32,16,1,0,9,0,16,1157,93.3,0.262,6.51,0.974,0.333,11.3,0,0,96.6,0,22.2,56.169,15.8,70,63,65,55,81,50,67,8,1,1,8968,132575,160,0.865,14365,2.8,0.707,89,0.473,0.873,78.2,34.683,2.566,13.333,10856,25.51,0.93
37,"Chicago, IL",Albany Park,,1025,1413,Cheap,"Albany Park, Chicago, IL",41.9683269,"Albany Park, Chicago, IL",-87.7280279,78,83750,27,10,6,35,10,41,8,1461,95.2,0.082,5.387,0.934,11,1.2,0,0,99.2,0,25.4,54.349,19.2,37,56,56,59,72,40,99,10,0,4,52772,129253,311,0.864,19691,19.5,0.88,75,0.503,0.784,100,34.783,2.992,258,9544,25.11,1.59
38,"Chicago, IL",Bucktown,,1700,1800,Pricey,"Bucktown, Chicago, IL",41.9227067,"Bucktown, Chicago, IL",-87.6802748,78,80195,29,4,8,4,10,34,7,686,34.8,0.081,5.387,0.934,11,1.2,1.70E-10,88.4,99.2,14,20,54.349,12.5,31,17,56,41,73,33,69,5,0,3,14996,261884,311,0.837,34361,3.3,0.673,83,0.503,0.784,100,34.783,3.576,99,9685,47.22,1.05
39,"Chicago, IL",Central Chicago,1575,2575,3620,Pricey,"Central Chicago, Chicago, IL",41.8802802,"Central Chicago, Chicago, IL",-87.6235719,78,87250,24,5,12,10,10,4,6,1143,1.6,0.122,5.387,0.934,11,1.2,0,54.4,99.2,0,15.3,54.349,13.2,27,34,68,34,82,18,95,24,1,4,31147,372668,311,0.823,148415,37.9,0.572,62,0.503,0.784,100,34.783,5.082,1870,9947,28.37,1.55
40,"Chicago, IL",Chicago,,1750,2423,Pricey,"Chicago, Chicago, IL",41.8781136,"Chicago, Chicago, IL",-87.6297982,78,69030,16,3,5,21,10,4,17,2295,10.8,0.116,5.387,0.934,11,1.2,0,47.4,99.2,0,20.1,54.349,14.5,30,35,63,54,80,19,100,35,0,3,208520,551094,311,0.866,221882,15.2,0.595,62,0.503,0.784,100,34.783,4.799,1810,9149,30.57,20
41,"Chicago, IL",Sheffield&DePaul,,1650,2000,Pricey,"Sheffield&DePaul, Chicago, IL",41.9271746,"Sheffield&DePaul, Chicago, IL",-87.6536427,78,110875,10,3,1,7,10,9,4,1820,98.4,0.093,5.387,0.934,11,1.2,0,0,99.2,0,18.1,54.349,12.1,39,56,67,38,74,34,95,4,0,5,33173,136484,311,0.856,38012,4,0.598,90,0.503,0.784,100,34.783,3.197,255,8952,26.13,1.26
42,"Chicago, IL",Edgewater,,1350,1700,Average,"Edgewater, Chicago, IL",41.9836852,"Edgewater, Chicago, IL",-87.6601141,78,64967,27,5,10,2,10,30,19,1512,97.4,0.11,5.387,0.934,11,1.2,0,88.3,99.2,14,24.3,54.349,15.8,40,28,50,63,80,34,99,14,1,6,24425,108831,311,0.84,27064,20.6,0.814,71,0.503,0.784,100,34.783,2.577,176,9513,27.72,1.9
43,"Chicago, IL",Edgewater Beach,,1364,1822,Average,"Edgewater Beach, Chicago, IL",41.985577,"Edgewater Beach, Chicago, IL",-87.6552269,78,58902,48,25,23,8,10,0,2,955,43.6,0.116,5.387,0.934,11,1.2,0,20,99.2,14,24.2,54.349,14.4,31,38,50,71,68,39,76,7,0,3,13655,94286,311,0.814,22599,13,0.817,82.2,0.503,0.784,100,34.783,2.418,223,10136,31.07,0.54
44,"Chicago, IL",Evanston,,1350,1450,Average,"Evanston, Chicago, IL",42.0450722,"Evanston, Chicago, IL",-87.6876969,78,52117,48,29,5,13,10,3,9,1233,18.1,0.184,5.387,0.934,11,1.2,0,0,99.2,0,20.5,35.629,12,33,56,75,53,79,52,93,6,1,7,22917,62847,311,0.747,35595,10.8,0.909,89,0.503,0.784,100,34.783,2.893,153,9613,26.84,1.39
45,"Chicago, IL",South Chicago,,900,1150,Cheap,"South Chicago, Chicago, IL",41.7396861,"South Chicago, Chicago, IL",-87.5544182,78,28371,27,9,60,0,10,37,31,1210,100,0.157,5.387,0.934,11,1.2,0,0,99.2,15,39.2,54.349,25.2,44,56,33,56,64,28,88,6,0,3,15993,50355,311,0.696,10526,33.7,0.785,62,0.503,0.784,100,34.783,6.707,109,11258,25,1.68
46,"Chicago, IL",Gold Coast,,1725,2900,Pricey,"Gold Coast, Chicago, IL",41.9066994,"Gold Coast, Chicago, IL",-87.6253308,78,74796,39,23,0,7,10,5,10,923,37.2,0.119,5.387,0.934,11,1.2,0,84.2,99.2,0,19.6,54.349,8.9,34,28,69,39,75,48,90,14,0,3,33395,223068,311,0.872,79560,10.5,0.852,90,0.503,0.784,100,34.783,4.19,356,7533,35.78,1.25
47,"Chicago, IL",Irving Park,,1095,1500,Cheap,"Irving Park, Chicago, IL",41.9538222,"Irving Park, Chicago, IL",-87.7192875,78,64583,23,7,13,7,10,18,11,1240,68.8,0.077,5.387,0.934,11,1.2,0,61.8,99.2,0,30.4,54.349,21.8,34,33,50,56,78,43,94,7,1,1,17161,207364,311,0.775,30840,6.1,0.904,76,0.503,0.784,100,34.783,2.9,247,9971,26.29,1.41
48,"Chicago, IL",Lincoln Park,,1625,2190,Average,"Lincoln Park, Chicago, IL",41.9254701,"Lincoln Park, Chicago, IL",-87.6487783,78,69450,12,1,1,15,10,2,28,1539,88.7,0.094,5.387,0.934,11,1.2,0,0,99.2,0,18.1,54.349,12.1,37,56,67,40,80,33,90,3,1,6,35667,158989,311,0.855,43796,14,0.57,90,0.503,0.784,100,34.783,3.305,294,9045,25.4,0.85
49,"Chicago, IL",Marquette Park,,1359,,Average,"Marquette Park, Chicago, IL",41.7644001,"Marquette Park, Chicago, IL",-87.7028556,78,36000,36,17,70,3,10,7,21,1476,29.5,0.108,5.387,0.934,11,1.2,0,0,99.2,14,42.3,54.349,27.7,32,56,30,57,61,35,78,5,0,2,2568,54384,311,0.662,9347,28.9,0.911,58,0.503,0.784,100,34.783,5.254,195,11586,26.1,0.79
50,"Chicago, IL",Near East Side,1874,1870,2783,Pricey,"Near East Side, Chicago, IL",41.7079942,"Near East Side, Chicago, IL",-87.535173,78,26023,24,8,0,0,10,79,29,1268,97.6,0.183,5.387,0.934,11,1.2,0,2.4,99.2,17,31.6,54.349,18.4,44,48,41,51,69,33,82,5,1,2,11559,58834,311,0.467,5154,28,0.766,76,0.503,0.784,100,34.783,7.541,117,12373,26.78,1.55
51,"Chicago, IL",North Center,,1350,1825,Average,"North Center, Chicago, IL",41.9467449,"North Center, Chicago, IL",-87.6882569,78,53958,13,2,0,2,10,0,0,599,83.3,0.079,5.387,0.934,11,1.2,0,66.3,99.2,0,20.4,54.349,12.5,35,32,65,39,72,49,93,6,0,2,21816,159674,311,0.808,25335,3.8,0.872,89,0.503,0.784,100,34.783,2.958,189,9770,26.75,1.36
52,"Chicago, IL",North Side,1295,1450,2150,Average,"North Side, Chicago, IL",41.90391,"North Side, Chicago, IL",-87.6314629,78,72043,34,21,0,0,10,11,15,511,100,0.113,5.387,0.934,11,1.2,0,0,99.2,0,19,54.349,8.7,41,56,70,50,83,45,100,17,1,6,55372,214866,311,0.86,103709,25.1,0.803,90,0.503,0.784,100,34.783,4.277,571,7929,27.64,1.94
53,"Chicago, IL",Old Town,,2067,2900,Pricey,"Old Town, Chicago, IL",41.9110773,"Old Town, Chicago, IL",-87.6410116,78,134531,24,4,21,6,10,1,8,1056,98,0.103,5.387,0.934,11,1.2,0,99.9,99.2,0,22.5,54.349,11.5,39,23,64,36,73,45,96,3,0,4,32353,216544,311,0.923,64010,10.5,0.813,90,0.503,0.784,100,34.783,4.09,221,8894,25,1.34
54,"Chicago, IL",Old Town Triangle,,2197,3277,Pricey,"Old Town Triangle, Chicago, IL",41.9110773,"Old Town Triangle, Chicago, IL",-87.6410116,78,134531,24,4,21,6,10,1,8,1056,98,0.103,5.387,0.934,11,1.2,0,99.9,99.2,0,22.5,54.349,11.5,39,23,64,36,73,45,96,3,0,4,32353,216544,311,0.923,64010,10.5,0.813,90,0.503,0.784,100,34.783,4.09,221,8894,25,1.34
55,"Chicago, IL",Palatine,,1530,2100,Average,"Palatine, Chicago, IL",41.9953936,"Palatine, Chicago, IL",-87.8062144,78,87250,47,23,0,0,10,2,10,1079,52,0.155,5.387,0.934,11,1.2,0,50.9,99.2,0,22.4,54.349,14.1,37,34,62,27,79,46,76,3,1,3,9955,187263,311,0.369,23710,0,0.888,84,0.503,0.784,100,34.783,3.829,52,12608,25.23,0.88
56,"Chicago, IL",Park West,,1615,1925,Average,"Park West, Chicago, IL",41.9289391,"Park West, Chicago, IL",-87.6441266,78,66792,15,2,2,2,10,2,10,924,100,0.097,5.387,0.934,11,1.2,0,0,99.2,0,17.9,54.349,11.2,40,56,68,54,75,34,99,8,0,6,43858,142447,311,0.84,47717,5.9,0.589,90,0.503,0.784,100,34.783,3.202,281,8018,25,1.22
57,"Chicago, IL",Pilsen,,1500,1400,Average,"Pilsen, Chicago, IL",41.8524902,"Pilsen, Chicago, IL",-87.6562598,78,25455,19,7,0,0,10,96,46,1756,50.1,0.102,5.387,0.934,11,1.2,2.95E-08,0,99.2,17,35.1,54.349,22.7,34,22,36,59,81,48,92,9,1,3,28820,215423,311,0.883,48313,16.7,0.933,81,0.503,0.784,100,34.783,5.913,56.333,8704,26.55,1.71
58,"Chicago, IL",Ravenswood,,1300,1673,Cheap,"Ravenswood, Chicago, IL",41.9688072,"Ravenswood, Chicago, IL",-87.6791713,78,53973,40,13,3,5,10,35,3,1489,70.3,0.09,5.387,0.934,11,1.2,0,0,99.2,15,21.2,54.349,12.9,35,56,54,46,77,35,95,8,0,2,39507,89655,311,0.752,40506,0,0.738,81,0.503,0.784,100,34.783,2.727,166,9100,26.71,1.34
59,"Chicago, IL",River North,1874,2411,3324,Pricey,"River North, Chicago, IL",41.8923848,"River North, Chicago, IL",-87.6340749,78,59605,13,2,1,17,10,27,6,1889,47.5,0.114,5.387,0.934,11,1.2,0,91.7,99.2,0,19.1,54.349,10.9,34,27,67,41,76,20,100,25,0,1,71322,362578,311,0.895,185822,12.9,0.573,67,0.503,0.784,100,34.783,4.678,664,8113,28.02,3.62
60,"Chicago, IL",Rogers Park,,1067,1428,Cheap,"Rogers Park, Chicago, IL",42.0126294,"Rogers Park, Chicago, IL",-87.6745883,78,50938,8,0,16,0,10,66,25,873,100,0.129,5.387,0.934,11,1.2,0,0,99.2,15,32.7,54.349,22.6,42,56,39,58,82,30,96,21,1,6,48050,59694,311,0.623,35448,4.5,0.787,67,0.503,0.784,100,34.783,2.472,157,9284,25.7,1.35
61,"Chicago, IL",Sheffield Neighbors,,1575,1998,Average,"Sheffield Neighbors, Chicago, IL",41.9216605,"Sheffield Neighbors, Chicago, IL",-87.6583375,78,97639,27,10,2,4,10,8,10,2037,54.7,0.089,5.387,0.934,11,1.2,0.00011253,0,99.2,0,21.9,54.349,15.4,33,54,61,29,83,48,87,7,1,7,21387,192019,311,0.845,34127,3.9,0.858,90,0.503,0.784,100,34.783,3.549,105,10540,25.67,1.16
62,"Chicago, IL",South East Ravenswood,,1425,1700,Average,"South East Ravenswood, Chicago, IL",41.9688072,"South East Ravenswood, Chicago, IL",-87.6791713,78,53973,40,13,3,5,10,35,3,1489,70.3,0.09,5.387,0.934,11,1.2,0,0,99.2,15,21.2,54.349,12.9,35,56,54,46,77,35,95,8,0,2,39507,89655,311,0.752,40506,0,0.738,81,0.503,0.784,100,34.783,2.727,166,9100,26.71,1.34
63,"Chicago, IL",South Loop,,2690,3650,Pricey,"South Loop, Chicago, IL",41.8674081,"South Loop, Chicago, IL",-87.6275005,78,97353,21,3,22,17,10,6,3,3144,37.6,0.119,5.387,0.934,11,1.2,0,17.6,99.2,16,24.3,54.349,13.3,34,41,51,34,77,31,87,8,0,10,10765,232895,311,0.971,104356,4.5,0.83,62,0.503,0.784,100,34.783,5.535,461,9817,27.46,1.05
64,"Chicago, IL",South Shore,,825,970,Cheap,"South Shore, Chicago, IL",41.7589929,"South Shore, Chicago, IL",-87.5700257,78,32232,38,14,97,0,10,1,9,956,71.2,0.146,5.387,0.934,11,1.2,0,0,99.2,15,39.1,54.349,19.6,38,56,37,54,71,42,86,7,1,1,12307,75386,311,0.541,22010,23.5,0.885,77,0.503,0.784,100,34.783,7.063,166,10755,25.57,1.32
65,"Chicago, IL",Streeterville,1948,2250,3650,Pricey,"Streeterville, Chicago, IL",41.8927362,"Streeterville, Chicago, IL",-87.6200416,78,56986,17,3,0,29,10,7,9,970,61.1,0.13,5.387,0.934,11,1.2,0,96.8,99.2,0,17.3,54.349,9.3,36,25,71,45,82,20,100,18,0,11,138895,264704,311,0.864,128871,3.2,0.567,67,0.503,0.784,100,34.783,4.279,1192,7035,29.72,4.6
66,"Chicago, IL",The Loop,1960,1921,2813,Pricey,"The Loop, Chicago, IL",41.8786351,"The Loop, Chicago, IL",-87.6250549,78,87250,24,5,12,10,10,4,6,1143,1.6,0.122,5.387,0.934,11,1.2,0,54.4,99.2,0,15.3,54.349,13.2,27,34,68,34,82,18,95,24,1,4,31147,372668,311,0.823,148415,37.9,0.572,62,0.503,0.784,100,34.783,5.082,1870,9947,28.37,1.55
67,"Chicago, IL",West Loop,1688,1967,,Pricey,"West Loop, Chicago, IL",41.8854407,"West Loop, Chicago, IL",-87.6627342,78,122321,20,10,10,5,10,0,6,1047,2.6,0.095,5.387,0.934,11,1.2,4.83E-08,0,99.2,17,21.6,54.349,12.9,26,22,52,60,71,38,94,7,0,3,11782,251084,311,0.809,94938,20.7,0.837,77,0.503,0.784,100,34.783,4.88,138,9141,27.47,1.73
68,"Chicago, IL",West Rogers Park,,1020,1365,Cheap,"West Rogers Park, Chicago, IL",42.0005804,"West Rogers Park, Chicago, IL",-87.6925767,78,45313,29,11,18,38,10,33,14,1230,100,0.106,5.387,0.934,11,1.2,0,0,99.2,15,24.9,54.349,17.6,41,56,47,49,77,39,100,22,1,3,25500,75325,311,0.524,16026,13.2,0.845,78,0.503,0.784,100,34.783,2.955,201,9997,25,1.98
69,"Chicago, IL",West Town,1623,1850,1875,Pricey,"West Town, Chicago, IL",41.8935946,"West Town, Chicago, IL",-87.6721671,78,66143,10,4,2,1,10,50,10,1658,100,0.086,5.387,0.934,11,1.2,0,0,99.2,17,25.7,54.349,16.5,39,56,46,42,78,30,94,9,0,5,43040,211332,311,0.942,70078,2.6,0.782,67,0.503,0.784,100,34.783,4.465,279,9504,25.99,1.45
70,"Chicago, IL",Wheaton,,1131,,Cheap,"Wheaton, Chicago, IL",41.8938192,"Wheaton, Chicago, IL",-87.6237819,78,101354,67,33,3,11,10,0,2,923,57.1,0.127,5.387,0.934,11,1.2,0,73.1,99.2,0,19.6,54.349,10,36,31,68,36,81,18,100,24,0,8,262888,300712,311,0.839,118662,10.9,0.526,67,0.503,0.784,100,34.783,4.446,1396,8388,27.41,4.22
71,"Chicago, IL",Wrightwood,,1675,1995,Pricey,"Wrightwood, Chicago, IL",41.7457436,"Wrightwood, Chicago, IL",-87.6912862,78,71058,33,9,91,1,10,6,7,2356,91.3,0.103,5.387,0.934,11,1.2,0,0,99.2,14,34.8,57.517,17.4,38,56,47,35,68,40,79,1,0,1,15150,45700,311,0.64,9116,0,0.835,80,0.503,0.784,100,34.783,4.851,146,12453,27.24,1.12
72,"Dallas-Fort Worth, TX",Addison,,1132,,Average,"Addison, Dallas-Fort Worth, TX",32.96179,"Addison, Dallas-Fort Worth, TX",-96.8291685,78,57028,16,3,13,9,9,14,3,1563,90.7,0.182,6.161,0.973,5.667,3.5,0,0,97.6,0,26.8,44.654,11.6,52,54,68,65,65,37,65,1,0,1,12203,387618,375,0.845,27949,11.3,0.622,88,0.502,0.821,81.5,34.008,5.175,46.667,8842,31.69,0.97
73,"Dallas-Fort Worth, TX",Galleria,,1315,1588,Pricey,"Galleria, Dallas-Fort Worth, TX",32.9290218,"Galleria, Dallas-Fort Worth, TX",-96.8200386,78,44000,15,2,19,0,9,47,21,1707,90.3,0.19,6.161,0.973,5.667,3.5,0,11.4,97.6,0,26.8,44.654,11.6,52,41,68,84,64,37,58,3,0,0,18136,449794,375,0.772,48096,4,0.659,88,0.502,0.821,81.5,34.008,6.206,51.667,9224,38.82,1.05
74,"Dallas-Fort Worth, TX",Central Dallas,,1444,2198,Pricey,"Central Dallas, Dallas-Fort Worth, TX",32.7790911,"Central Dallas, Dallas-Fort Worth, TX",-96.8002704,78,81029,11,0,19,7,9,12,6,1617,89.3,0.164,6.161,0.973,5.667,3.5,0,0,97.6,0,23.4,44.654,11.2,53,56,73,61,84,39,92,8,1,9,56380,341484,375,0.935,96998,17.5,0.587,92,0.502,0.821,81.5,34.008,14.116,971,7884,28.49,3.41
75,"Dallas-Fort Worth, TX",CentrePort Business Park,,1336,1621,Pricey,"CentrePort Business Park, Dallas-Fort Worth, TX",32.9330819,"CentrePort Business Park, Dallas-Fort Worth, TX",-97.3235651,78,77760,43,12,0,0,10,9,1,1045,63.5,0.138,5.975,0.996,16,1.7,0.00050804,5.2,97,0,28.5,54.235,15.5,52,36,62,50,40,70,37,0,0,0,159,80613,375,0.558,0,7.1,0.968,92,0.464,0.821,81.3,0,4.118,0,14745,42.11,0.62
76,"Dallas-Fort Worth, TX",City Center District,1602,1657,1936,Pricey,"City Center District, Dallas-Fort Worth, TX",32.7850787,"City Center District, Dallas-Fort Worth, TX",-96.7970664,78,99306,3,0,16,13,9,15,0,677,92.4,0.166,6.161,0.973,5.667,3.5,0,20,97.6,0,25.4,44.654,14.5,53,40,68,56,82,29,71,10,1,7,18614,350250,375,0.939,94349,22.7,0.538,82,0.502,0.821,81.5,34.008,14.253,799,13820,31.52,2.31
77,"Dallas-Fort Worth, TX",Planto,,1090,1518,Average,"Planto, Dallas-Fort Worth, TX",33.0198431,"Planto, Dallas-Fort Worth, TX",-96.6988856,81,48781,21,11,1,4,6,46,16,1613,97.6,0.182,4.941,0.973,6,0.3,0,0,95.2,0,35.1,43.347,20.5,57,61,59,82,79,66,68,3,1,4,7073,226556,194,0.834,14985,11.1,0.804,94,0.431,0.821,81.3,34.008,4.536,13,9291,26.52,1.1
78,"Dallas-Fort Worth, TX",Dallas Downtown,,1231,1784,Pricey,"Dallas Downtown, Dallas-Fort Worth, TX",32.7790911,"Dallas Downtown, Dallas-Fort Worth, TX",-96.8002704,78,81029,11,0,19,7,9,12,6,1617,89.3,0.164,6.161,0.973,5.667,3.5,0,0,97.6,0,23.4,44.654,11.2,53,56,73,61,84,39,92,8,1,9,56380,341484,375,0.935,96998,17.5,0.587,92,0.502,0.821,81.5,34.008,14.116,971,7884,28.49,3.41
79,"Dallas-Fort Worth, TX",Deep Ellum,,1106,1619,Average,"Deep Ellum, Dallas-Fort Worth, TX",32.7843924,"Deep Ellum, Dallas-Fort Worth, TX",-96.7801849,78,43355,17,2,16,4,9,36,16,1305,86,0.167,6.161,0.973,5.667,3.5,1.20E-09,48.1,97.6,16,31.8,44.654,17.6,52,18,51,68,60,46,56,0,0,1,7308,406544,375,0.647,52310,12.5,0.737,92,0.502,0.821,81.5,34.008,13.464,33.667,8601,39.9,1.17
80,"Dallas-Fort Worth, TX",Greenway,,1208,1693,Pricey,"Greenway, Dallas-Fort Worth, TX",32.7728007,"Greenway, Dallas-Fort Worth, TX",-97.3226286,78,38631,28,10,17,0,10,44,15,1928,67.5,0.11,5.975,0.996,16,1.7,7.28E-09,20,97,0,35,54.235,17.7,53,10,57,69,60,45,43,0,0,3,946,145279,375,0.897,14846,8.2,0.727,82,0.464,0.821,81.3,34.008,10.456,2.667,10868,34.05,0.75
81,"Dallas-Fort Worth, TX",Las Colinas,,1158,,Pricey,"Las Colinas, Dallas-Fort Worth, TX",32.8958605,"Las Colinas, Dallas-Fort Worth, TX",-96.9588229,78,72933,16,1,9,39,9,13,2,2169,65.4,0.282,6.161,0.973,5.667,3.5,0,16.1,97.6,0,18,44.654,9.3,53,40,77,57,55,45,41,0,0,0,4217,409056,375,0.772,10049,6,0.663,95,0.502,0.821,81.5,34.008,10.976,0,9864,36.42,0.89
82,"Dallas-Fort Worth, TX",Legends at Ridgeview Ranch Apartments,,1077,1431,Average,"Legends at Ridgeview Ranch Apartments, Dallas-Fort Worth, TX",33.1182297,"Legends at Ridgeview Ranch Apartments, Dallas-Fort Worth, TX",-96.7380257,81,49645,15,5,24,12,6,13,17,2313,47,0.121,4.941,0.973,6,0.3,4.40E-05,23.3,95.2,0,24.2,43.347,11.6,48,42,74,64,51,76,42,0,0,0,4845,133509,194,0.947,0,13.1,0.855,98,0.431,0.821,81.3,34.008,3.073,0,10170,41.86,0.79
83,"Dallas-Fort Worth, TX",West Creek Estates,,1435,,Pricey,"West Creek Estates, Dallas-Fort Worth, TX",33.0737777,"West Creek Estates, Dallas-Fort Worth, TX",-96.7186283,81,116625,32,5,0,29,6,1,4,1236,93.5,0.128,4.941,0.973,6,0.3,0,0,95.2,0,26.6,43.347,13.9,54,61,70,35,61,74,46,0,0,1,9644,174924,194,0.603,0,0,0.888,96,0.431,0.821,81.3,34.008,3.243,0,13110,31.94,0.96
84,"Dallas-Fort Worth, TX",McKinney,,953,1341,Cheap,"McKinney, Dallas-Fort Worth, TX",33.1983388,"McKinney, Dallas-Fort Worth, TX",-96.6389342,81,64874,20,7,6,0,6,2,7,2015,93.5,0.129,4.941,0.973,6,0.3,0,16.6,95.2,0,28.1,51.966,14.5,54,46,64,54,56,81,44,0,0,0,4073,144639,194,0.684,0,0,0.959,96,0.431,0.821,81.3,9.288,5.176,0,12580,36.42,0.74
85,"Dallas-Fort Worth, TX",Oak Lawn,,1495,2346,Pricey,"Oak Lawn, Dallas-Fort Worth, TX",32.8096731,"Oak Lawn, Dallas-Fort Worth, TX",-96.8029993,78,99344,32,10,9,11,9,11,8,1367,76,0.172,6.161,0.973,5.667,3.5,0,0,97.6,0,23.5,44.654,10.7,52,56,73,58,70,40,69,4,0,2,16749,334392,375,0.783,46416,8.2,0.781,82,0.502,0.821,81.5,34.008,13.723,72,8347,28.28,1.19
86,"Dallas-Fort Worth, TX",Prestonwood,,1242,,Pricey,"Prestonwood, Dallas-Fort Worth, TX",33.0403039,"Prestonwood, Dallas-Fort Worth, TX",-96.8436335,80,64583,60,22,7,4,8,1,1,2266,72.5,0.163,4.81,0.973,15,6.5,0,5,96.2,0,23.3,44.654,11.3,51,36,71,44,54,62,43,0,0,1,2919,273858,196,0.517,0,5.5,0.591,98,0.43,0.821,88.1,34.008,3.962,0,12684,31.21,0.69
87,"Dallas-Fort Worth, TX",The Fairways,,718,,Cheap,"The Fairways, Dallas-Fort Worth, TX",33.1721075,"The Fairways, Dallas-Fort Worth, TX",-96.8659262,80,125417,19,4,10,0,8,15,0,1824,98.2,0.185,4.81,0.973,15,6.5,0,0,96.2,0,23.9,51.966,10.5,55,47,71,30,54,71,50,0,0,0,5309,126853,196,0.888,0,1.7,0.727,99,0.43,0.821,88.1,34.008,1.839,0,14105,27.25,0.76
88,"Dallas-Fort Worth, TX",Waxahachie,,3745,,Pricey,"Waxahachie, Dallas-Fort Worth, TX",32.3865312,"Waxahachie, Dallas-Fort Worth, TX",-96.8483311,78,62000,27,6,43,0,13,14,23,1235,0,0.098,8.978,0.973,1,1.9,0,1.8,76.6,0,29.4,56.507,20.5,42,57,54,78,39,69,41,0,0,0,302,21557,204,0.371,0,10.9,0.888,89,0.41,0.821,81.3,0,12.682,0,13969,31.14,0.65
89,"Los Angeles, CA",Anaheim,1408,1350,1650,Cheap,"Anaheim, Los Angeles, CA",33.7841434,"Anaheim, Los Angeles, CA",-118.3011986,81,53528,16,6,29,14,9,37,7,1338,80,0.121,4.298,0.918,115,0.9,0,6.7,97.6,0,28,35.666,16.8,41,31,67,70,68,41,69,1,0,1,35916,223033,259,0.581,10791,3.4,0.886,72,0.501,0.788,99.9,49.269,4.913,10.333,10312,25.73,0.85
90,"Los Angeles, CA",Beverly Hills,,2950,5195,Pricey,"Beverly Hills, Los Angeles, CA",34.0736204,"Beverly Hills, Los Angeles, CA",-118.4003563,81,73361,35,21,3,7,9,7,10,3884,9.5,0.339,4.298,0.918,115,0.9,0,86.8,97.6,0,21.2,45.202,13.4,40,14,66,38,72,58,79,8,0,1,20943,233184,259,0.835,37615,8.1,0.897,94,0.501,0.788,99.9,49.269,5.26,53.667,9207,27.66,1.22
91,"Los Angeles, CA",Del Aire,,2590,,Pricey,"Del Aire, Los Angeles, CA",33.9161251,"Del Aire, Los Angeles, CA",-118.3695196,81,73924,35,9,3,9,9,45,12,1209,56.3,0.287,4.298,0.918,115,0.9,0,90.3,97.6,0,25.9,48.58,12.8,44,13,66,36,83,55,53,1,1,2,8820,339577,259,0.863,13575,0,0.974,80,0.501,0.788,99.9,49.269,5.252,0,12293,30.62,1
92,"Los Angeles, CA",East LA,,1750,2473,Average,"East LA, Los Angeles, CA",34.0224417,"East LA, Los Angeles, CA",-118.1669736,81,33036,18,9,0,0,9,100,42,2035,37.1,0.232,4.298,0.918,115,0.9,0,52.3,97.6,0,21.2,45.202,13.4,40,20,66,56,68,36,77,9,0,0,22430,336517,259,0.808,35008,6.6,0.825,72,0.501,0.788,99.9,49.269,6.291,150,10462,28.53,1.29
93,"Los Angeles, CA",Hollywood Hills West,,1995,3500,Average,"Hollywood Hills West, Los Angeles, CA",34.1130405,"Hollywood Hills West, Los Angeles, CA",-118.3862306,81,111932,20,4,2,2,9,5,6,924,42.7,0.402,4.298,0.918,115,0.9,0,0,97.6,0,21.4,45.202,11.4,49,42,68,23,56,37,51,1,0,0,6159,106770,259,0.927,0,4.6,0.837,72,0.501,0.788,99.9,49.269,4.914,0,13366,25,0.62
94,"Los Angeles, CA",Huntington Beach,,1550,2000,Cheap,"Huntington Beach, Los Angeles, CA",33.6594835,"Huntington Beach, Los Angeles, CA",-117.9988026,82,63042,18,5,0,6,8,5,16,1238,0,0.189,4.358,0.912,19,0,0,53.4,98.7,0,19.3,32.949,12.4,31,40,65,46,70,57,68,2,1,1,18010,107163,196,0.525,9901,28.1,0.74,97,0.467,0.788,97.9,49.269,6.111,34,10754,29.54,1.4
95,"Los Angeles, CA",Irvine Center,,2040,2588,Pricey,"Irvine Center, Irvine, CA",33.6508815,"Irvine Center, Irvine, CA",-117.7441118,82,89052,13,0,0,21,8,10,7,2346,0,0.175,4.358,0.912,19,0,0,49.2,98.7,0,16,16.336,10.8,32,40,89,49,62,51,47,3,0,0,6110,290572,196,0.742,15125,9.8,0.681,95,0.467,0.788,97.9,49.269,4.345,34.333,10395,53.25,0.91
96,"Los Angeles, CA",Mid-City West,,2325,3500,Pricey,"Mid-City West, Los Angeles, CA",34.0307517,"Mid-City West, Los Angeles, CA",-118.479097,81,67750,23,8,0,14,9,5,3,1021,0,0.496,4.298,0.918,115,0.9,0,62,97.6,0,19.1,27.818,10,39,18,83,38,81,60,83,6,0,3,49893,284242,259,0.848,19873,0,0.902,95,0.501,0.788,99.9,49.269,4.855,197,9465,25.85,1.12
97,"Los Angeles, CA",Mission Junction,,2138,,Pricey,"Mission Junction, Los Angeles, CA",34.0625114,"Mission Junction, Los Angeles, CA",-118.2275733,81,12629,24,10,4,13,9,82,63,1340,47.3,0.211,4.298,0.918,115,0.9,0.0055591,0,97.6,0,26.6,45.202,20.3,42,35,56,100,78,38,72,8,0,1,11732,354724,259,0.8,73240,0,0.844,72,0.501,0.788,99.9,49.269,5.342,47.333,8757,30.2,0.84
98,"Los Angeles, CA",Park Newport,,4050,5205,Pricey,"Park Newport, Los Angeles, CA",33.6268197,"Park Newport, Los Angeles, CA",-117.8808945,82,65250,35,22,0,6,8,8,3,1369,73.5,0.192,4.358,0.912,19,0,0,13.7,98.7,0,18,19.826,10.1,44,48,94,51,66,60,56,1,0,2,12032,190656,196,0.795,13371,22,0.779,97,0.467,0.788,97.9,49.269,5.263,0,9603,29.98,1.02
99,"Los Angeles, CA",Pasadena,2309,1725,,Average,"Pasadena, Los Angeles, CA",34.1477849,"Pasadena, Los Angeles, CA",-118.1445155,81,15859,53,13,0,0,9,6,31,179,21.5,0.302,4.298,0.918,115,0.9,0,60.2,97.6,0,21.7,34.639,11.7,42,19,80,91,81,40,71,5,1,3,21953,327453,259,0.911,43530,21.3,0.737,86,0.501,0.788,99.9,49.269,3.138,114,9470,44.88,1.38
100,"Los Angeles, CA",Rancho Cucamonga,1995,1655,,Cheap,"Rancho Cucamonga, Los Angeles, CA",34.1063989,"Rancho Cucamonga, Los Angeles, CA",-117.5931084,78,34451,18,6,15,1,11,42,16,2158,0,0.075,3.351,0.853,132,1.3,0,12.6,90.1,0,27.1,35.123,16.5,10,26,61,60,55,50,45,5,0,0,8599,93299,301,0.813,0,2.7,0.845,95,0.443,0.574,80,49.269,5.613,0,10476,30.19,0.85
101,"Los Angeles, CA",Redondo Beach,,2100,2850,Pricey,"Redondo Beach, Los Angeles, CA",33.8491816,"Redondo Beach, Los Angeles, CA",-118.3884078,81,127128,31,11,0,18,9,8,7,2122,0,0.269,4.298,0.918,115,0.9,0,63.2,97.6,0,19.7,27.062,10.4,31,18,82,33,79,62,71,3,1,2,16146,155344,259,0.878,12363,6.8,0.94,95,0.501,0.788,99.9,49.269,3.721,20.333,11769,27.59,1.18
102,"Los Angeles, CA",South LA,,1595,2150,Cheap,"South LA, Los Angeles, CA",33.9891116,"South LA, Los Angeles, CA",-118.2914872,81,41667,29,7,29,1,9,65,19,2358,76.7,0.197,4.298,0.918,115,0.9,0,50.9,97.6,0,36.5,45.202,22.3,44,20,49,54,67,44,68,11,0,0,20356,322411,259,0.758,35321,9.8,0.926,72,0.501,0.788,99.9,49.269,7.024,80,10838,28.45,0.86
103,"Los Angeles, CA",Torrance,,1595,2195,Cheap,"Torrance, Los Angeles, CA",33.8358492,"Torrance, Los Angeles, CA",-118.3406288,81,105737,34,20,0,40,9,16,0,770,50.3,0.143,4.298,0.918,115,0.9,0,84.6,97.6,0,18.1,27.062,10.9,38,14,83,20,82,66,54,1,1,1,7592,278318,259,0.843,21166,0,0.887,99,0.501,0.788,99.9,49.269,4.346,0,12813,28.55,0.94
104,"Los Angeles, CA",Venice,,2900,5323,Pricey,"Venice, Los Angeles, CA",33.9850469,"Venice, Los Angeles, CA",-118.4694832,81,88494,21,9,20,18,9,18,10,700,0,0.512,4.298,0.918,115,0.9,0,0,97.6,0,20.4,27.818,9.9,41,42,83,42,74,35,84,7,1,1,11802,144204,259,0.674,7952,20.6,0.734,79,0.501,0.788,99.9,49.269,4.705,116,9938,25.99,1.42
105,"Los Angeles, CA",West Hollywood,,2450,5273,Pricey,"West Hollywood, Los Angeles, CA",34.0900091,"West Hollywood, Los Angeles, CA",-118.3617443,81,40125,40,27,0,15,9,6,18,684,80.5,0.299,4.298,0.918,115,0.9,0,55.4,97.6,0,21.2,45.202,13.4,49,19,66,58,66,38,88,13,0,0,19992,190740,259,0.861,41788,20.7,0.737,82,0.501,0.788,99.9,49.269,4.803,148,8504,31.61,1.91
106,"Los Angeles, CA",West Los Angeles,2766,2163,,Pricey,"West Los Angeles, Los Angeles, CA",34.0412085,"West Los Angeles, Los Angeles, CA",-118.442596,81,63430,32,17,4,36,9,27,11,1615,0,0.398,4.298,0.918,115,0.9,0.0005724,64.6,97.6,0,17.3,45.202,11.4,37,14,71,37,72,45,58,6,0,1,15312,398700,259,0.934,10640,10.4,0.802,88,0.501,0.788,99.9,49.269,4.8,50.333,10723,47.47,1.19
107,"Los Angeles, CA",Westwood,,1000,4500,Cheap,"Westwood, Los Angeles, CA",34.0635016,"Westwood, Los Angeles, CA",-118.4455164,81,67250,21,6,0,12,9,0,14,421,0,0.419,4.298,0.918,115,0.9,0,23.1,97.6,0,16.4,45.202,9.2,38,25,74,43,78,33,94,9,1,2,42841,329873,259,0.702,34005,39.9,0.553,88,0.501,0.788,99.9,49.269,4.668,608,9018,26.35,1.64
108,"Los Angeles, CA",Wilshire Center - Koreatown,,1750,,Average,"Wilshire Center - Koreatown, Los Angeles, CA",34.0597117,"Wilshire Center - Koreatown, Los Angeles, CA",-118.3008918,81,35563,19,7,2,28,9,62,31,3192,33.4,0.207,4.298,0.918,115,0.9,0,0,97.6,0,22.6,45.202,17.4,40,42,61,69,84,34,96,28,1,1,105022,296516,259,0.842,85586,12.7,0.79,72,0.501,0.788,99.9,49.269,6.011,247,7158,25,1.5
109,"Miami, FL",Aventura,,1700,,Pricey,"Aventura, Miami, FL",25.9564812,"Aventura, Miami, FL",-80.1392121,81,37070,27,14,9,2,10,23,18,975,27.3,0.245,3.573,0.913,1.333,0.7,0,50.7,98.9,0,20.7,71.407,16.2,38,46,59,67,63,27,59,8,0,2,22139,169668,466,0.651,9826,34.2,0.627,89,0.526,0.713,75.9,33.438,8.775,37,10389,32.74,1
110,"Miami, FL",Boca Del Mar,,1308,,Cheap,"Boca Del Mar, Miami, FL",26.345078,"Boca Del Mar, Miami, FL",-80.1467115,81,52163,54,39,0,8,12,16,5,2270,26.2,0.193,4.228,1.021,1.667,5.6,0,22.4,97.7,0,21.5,40.137,18.2,55,42,62,64,49,32,38,1,0,0,2736,119508,343,0.838,0,18.7,0.664,92,0.515,0.713,75.9,33.438,10.329,0,11885,32.72,0.73
111,"Miami, FL",Boca Raton,,1300,2000,Cheap,"Boca Raton, Miami, FL",26.3683064,"Boca Raton, Miami, FL",-80.1289321,81,137222,43,19,0,7,12,1,2,1021,47.5,0.217,4.228,1.021,1.667,5.6,0,34.7,97.7,0,19.4,40.137,10.8,58,40,71,25,47,55,34,0,0,0,3477,97715,343,0.814,0,9.1,0.983,90,0.515,0.713,75.9,33.438,11.342,0,13764,33.09,0.76
112,"Miami, FL",Brickell,,2100,3000,Pricey,"Brickell, Miami, FL",25.7601793,"Brickell, Miami, FL",-80.1958755,81,19856,60,15,0,0,10,100,0,248,0,0.221,3.573,0.913,1.333,0.7,0,0,98.9,14,31.1,71.407,19.1,29,68,41,74,65,17,78,16,0,4,20029,191148,466,0.749,31665,66,0.657,72,0.526,0.713,75.9,33.438,9.991,173,8092,27.55,1.24
113,"Miami, FL",Central Fort Lauderdale,,1100,,Cheap,"Central Fort Lauderdale, Miami, FL",26.1269953,"Central Fort Lauderdale, Miami, FL",-80.1439521,80,31531,24,8,62,0,11,1,35,1222,6.6,0.243,4.075,1.021,1,15.2,0,38.2,99.5,13,39.3,51.549,29.7,55,38,37,93,71,62,68,8,1,0,7555,183560,352,0.879,25669,10.9,0.949,94,0.479,0.713,75.9,33.438,15.825,106,9414,29.09,1.27
114,"Miami, FL",Coral Gables,,1599,2150,Average,"Coral Gables, Miami, FL",25.7491968,"Coral Gables, Miami, FL",-80.2635411,81,53500,30,15,0,8,10,56,13,1829,14.5,0.199,3.573,0.913,1.333,0.7,0,33.2,98.9,14,20.7,71.407,16.2,36,49,50,53,76,32,74,7,1,3,11815,186759,466,0.776,23252,10.6,0.798,85,0.526,0.713,75.9,33.438,8.589,56,9445,26.83,1.39
115,"Miami, FL",East Fort Lauderdale,,1550,2400,Average,"East Fort Lauderdale, Miami, FL",26.1368598,"East Fort Lauderdale, Miami, FL",-80.1128733,80,64091,64,36,0,0,11,10,6,865,33.3,0.338,4.075,1.021,1,15.2,0,0,99.5,0,22.3,51.549,13,63,57,69,54,59,43,45,4,0,1,8414,67781,352,0.631,5650,39,0.684,94,0.479,0.713,75.9,33.438,15.279,0,10719,28.35,0.84
116,"Miami, FL",Edgewater,,2000,3150,Pricey,"Edgewater, Miami, FL",25.8012185,"Edgewater, Miami, FL",-80.1898026,81,28542,26,10,21,0,10,72,20,1727,27.1,0.201,3.573,0.913,1.333,0.7,3.26E-05,52.5,98.9,15,31.5,71.407,21.1,37,43,38,80,61,30,69,10,0,1,13228,168366,466,0.328,42055,15.4,0.877,72,0.526,0.713,75.9,33.438,12.555,260,8692,30.61,0.98
117,"Miami, FL",Flamingo - Lummus,,1650,2300,Pricey,"Flamingo - Lummus, Miami, FL",25.7794289,"Flamingo - Lummus, Miami, FL",-80.1351217,81,32150,27,12,14,0,10,45,14,422,0,0.428,3.573,0.913,1.333,0.7,0,0,98.9,0,27.2,59.728,17.1,35,68,56,84,63,22,86,21,0,2,17167,102889,466,0.626,17691,41.3,0.704,77,0.526,0.713,75.9,33.438,8.746,171,8538,28.87,2.28
118,"Miami, FL",Hallandale Beach,,1400,1750,Average,"Hallandale Beach, Miami, FL",25.9752834,"Hallandale Beach, Miami, FL",-80.1430967,80,30145,26,6,32,0,11,23,12,1132,0,0.25,4.075,1.021,1,15.2,0,34.3,99.5,17,24.2,54.439,17.7,47,37,55,68,74,40,69,5,1,1,6100,163901,352,0.798,7362,9.8,0.687,91,0.479,0.713,75.9,33.438,8.793,49.333,9528,32.33,1.52
119,"Miami, FL",Hollywood,,1350,1700,Average,"Hollywood, Miami, FL",26.0086787,"Hollywood, Miami, FL",-80.1170355,80,44347,84,39,2,1,11,4,24,822,5,0.35,4.075,1.021,1,15.2,0,0,99.5,0,22.3,54.439,11.7,58,57,73,65,57,28,64,0,1,0,14981,100929,352,0.588,5650,48.2,0.496,86,0.479,0.713,75.9,33.438,8.047,11.667,9799,25,0.87
120,"Miami, FL",Jupiter,,1400,1800,Average,"Jupiter, Miami, FL",26.9148264,"Jupiter, Miami, FL",-80.0927329,81,134191,89,68,0,2,12,1,4,1520,49.8,0.181,4.228,1.021,1.667,5.6,0,0,97.7,0,21.5,41.408,18.2,57,59,68,50,41,19,37,1,0,0,1253,47455,343,0.478,0,43.4,0.289,92,0.515,0.713,75.9,33.438,7.964,0,13082,32.9,0.7
121,"Miami, FL",Miami,1325,1800,2225,Pricey,"Miami, Miami, FL",25.7616798,"Miami, Miami, FL",-80.1917902,81,107474,18,1,0,24,10,49,4,734,19.1,0.228,3.573,0.913,1.333,0.7,0,78.1,98.9,0,23.2,71.407,11.6,38,41,62,53,70,18,90,12,0,5,111347,156215,466,0.75,30030,28.5,0.665,72,0.526,0.713,75.9,33.438,9.925,113,7325,26.89,2.29
122,"Miami, FL",Miami Financial District,,2100,2800,Pricey,"Miami Financial District, Miami, FL",25.760429,"Miami Financial District, Miami, FL",-80.1928937,81,118750,38,4,0,0,10,72,6,289,0,0.227,3.573,0.913,1.333,0.7,0,80.9,98.9,14,22,71.407,11.4,29,41,54,53,76,11,87,12,0,3,32752,170501,466,0.743,33636,0,0.493,72,0.526,0.713,75.9,33.438,9.519,87.333,8284,28.72,2.67
123,"Miami, FL",Pompano Beach,,1150,1485,Cheap,"Pompano Beach, Miami, FL",26.231677,"Pompano Beach, Miami, FL",-80.090693,80,43942,66,34,9,1,11,20,17,1477,13.6,0.327,4.075,1.021,1,15.2,0,0,99.5,0,20.8,51.549,11,58,57,72,74,62,20,66,2,1,0,5434,107153,352,0.779,6615,47.4,0.431,77,0.479,0.713,75.9,33.438,13.314,35.333,9788,26.87,1.22
124,"Miami, FL",Villages of Palm Beach Lakes,,1200,,Cheap,"Villages of Palm Beach Lakes, Miami, FL",26.7492959,"Villages of Palm Beach Lakes, Miami, FL",-80.1018959,81,74151,32,17,30,3,12,9,10,2394,27.8,0.175,4.228,1.021,1.667,5.6,0,6.7,97.7,11,23.2,51.145,16.7,54,48,52,58,47,25,38,1,0,0,4563,65531,343,0.649,0,19.9,0.786,72,0.515,0.713,75.9,33.438,11.403,0,12093,33.38,0.84
125,"Miami, FL",Wellington,,1488,1558,Average,"Wellington, Miami, FL",25.8008684,"Wellington, Miami, FL",-80.1997203,81,15966,31,8,61,0,10,53,39,634,0,0.19,3.573,0.913,1.333,0.7,0,32.2,98.9,15,42.9,71.407,31.6,27,49,25,91,62,28,61,6,0,4,5494,177310,466,0.501,33356,30.2,0.85,72,0.526,0.713,75.9,33.438,12.308,117,8504,35.85,0.86
126,"Miami, FL",West Miami,,1399,1650,Average,"West Miami, Miami, FL",25.7560648,"West Miami, Miami, FL",-80.2956711,81,26660,41,18,0,0,10,93,34,1605,9.5,0.188,3.573,0.913,1.333,0.7,0,24.6,98.9,11,20.7,71.407,16.2,33,51,52,48,80,48,65,4,1,2,9376,170977,466,0.859,9320,0,0.957,89,0.526,0.713,75.9,33.438,8.765,28.333,11232,26.59,1.23
127,"New York, NY",Alphabet City,,3095,3645,Average,"Alphabet City, New York, NY",40.7258428,"Alphabet City, New York, NY",-73.9774916,82,49681,34,19,18,6,10,38,12,2837,82.9,0.128,8.641,0.979,4,6.1,2.20E-10,13.3,98.4,11,24.4,36.662,18.8,57,33,57,78,96,24,95,34,1,4,77806,402417,222,0.905,141643,0,0.866,80.6,0.599,0.774,93.3,32.996,2.72,399,8085,26.06,1.43
128,"New York, NY",Astoria,,2658,3456,Average,"Astoria, New York, NY",40.7643574,"Astoria, New York, NY",-73.9234619,81,32981,26,11,0,18,10,32,16,956,82.9,0.123,3.633,0.979,4,6.1,0,0,95.5,17,22.2,51.179,14.7,39,58,54,44,81,38,93,74,0,0,87772,335065,222,0.812,161672,0,0.763,64,0.449,0.774,93.3,32.996,2.611,151,8460,26.84,1.74
129,"New York, NY",Boerum Hill,,3314,4000,Pricey,"Boerum Hill, New York, NY",40.6848689,"Boerum Hill, New York, NY",-73.9844722,80,110000,33,6,7,3,10,6,4,773,100,0.133,3.892,0.979,0,6.1,0,0,96.8,19,19.2,50.24,11.9,46,69,49,20,82,46,94,60,1,1,45641,264461,223,0.432,196794,11.8,0.934,80.6,0.517,0.774,93.3,32.996,2.679,549,9059,27.32,1.62
130,"New York, NY",Bushwick,,2391,,Average,"Bushwick, New York, NY",40.6957755,"Bushwick, New York, NY",-73.9170604,80,36316,30,10,6,4,10,91,38,1256,100,0.114,3.892,0.979,0,6.1,0,0,96.8,19,30.2,50.24,19.7,45,69,35,69,85,52,94,75,1,1,90143,105605,223,0.651,66368,3,0.978,80.6,0.517,0.774,93.3,32.996,2.859,276,8616,25,1.47
131,"New York, NY",Carroll Gardens,,2400,,Average,"Carroll Gardens, New York, NY",40.6795331,"Carroll Gardens, New York, NY",-73.9991637,80,146181,17,15,0,0,10,6,5,715,48.3,0.135,3.892,0.979,0,6.1,0,14.8,96.8,0,18.4,50.24,12.5,40,54,62,20,82,36,89,30,1,3,73425,320787,223,0.276,137909,12.8,0.809,80.6,0.517,0.774,93.3,32.996,2.604,149,8631,26.79,1.4
132,"New York, NY",Central Brooklyn,,2131,2359,Cheap,"Central Brooklyn, New York, NY",40.694731,"Central Brooklyn, New York, NY",-73.919271,80,25691,29,15,46,0,10,79,37,1354,100,0.114,3.892,0.979,0,6.1,0,0,96.8,19,30.2,50.24,19.7,45,69,35,73,76,46,87,75,1,0,79606,99743,223,0.642,68778,26.9,0.933,80.6,0.517,0.774,93.3,32.996,2.862,264,8410,25,0.88
133,"New York, NY",Chelsea,2975,3688,3995,Pricey,"Chelsea, New York, NY",40.7465004,"Chelsea, New York, NY",-74.0013737,82,108993,25,10,7,11,10,2,14,1195,100,0.155,8.641,0.979,4,6.1,0,0,98.4,0,20,36.662,12.6,63,58,72,37,94,16,96,48,1,13,114578,435830,222,0.957,261368,12.7,0.737,80.6,0.599,0.774,93.3,32.996,2.779,289,7524,29.74,1.8
134,"New York, NY",Clinton Hill,,2689,3500,Average,"Clinton Hill, New York, NY",40.6896834,"Clinton Hill, New York, NY",-73.9661144,80,52279,26,9,17,1,10,33,22,1145,43.3,0.127,3.892,0.979,0,6.1,0,0,96.8,19,23.1,50.24,12.6,39,69,46,43,93,27,90,42,1,1,67724,305970,223,0.902,115628,0,0.632,80.6,0.517,0.774,93.3,32.996,2.809,314,8398,28.77,1.41
135,"New York, NY",Downtown Brooklyn,2598,3350,4368,Pricey,"Downtown Brooklyn, New York, NY",40.6960679,"Downtown Brooklyn, New York, NY",-73.9845407,80,91375,7,3,16,10,10,6,8,676,98.5,0.135,3.892,0.979,0,6.1,0,62.7,96.8,19,23.4,50.24,15.3,45,45,43,26,86,23,99,29,1,7,62760,441880,223,0.403,191395,10.9,0.529,80.6,0.517,0.774,93.3,32.996,2.763,395,8300,29.36,2.29
136,"New York, NY",Downtown Manhattan,2850,3450,4138,Pricey,"Downtown Manhattan, New York, NY",40.7208595,"Downtown Manhattan, New York, NY",-74.0006686,82,160795,30,14,1,5,10,9,11,1106,98.1,0.155,8.641,0.979,4,6.1,0,14.6,98.4,0,15.9,36.662,9.9,61,43,78,27,91,29,100,85,1,4,78983,429644,222,0.924,360018,16,0.932,80.6,0.599,0.774,93.3,32.996,2.742,352,8439,28.33,3.12
137,"New York, NY",East Harlem,,2473,2850,Average,"East Harlem, New York, NY",40.7957399,"East Harlem, New York, NY",-73.9389213,82,27596,16,3,30,0,10,55,33,847,100,0.128,8.641,0.979,4,6.1,0,0,98.4,19,28.9,36.662,20.4,61,58,47,95,94,26,84,93,1,2,63536,374579,222,0.682,153101,0,0.901,80.6,0.599,0.774,93.3,32.996,2.634,587,8919,25,0.62
138,"New York, NY",East Village,2452,2995,3725,Average,"East Village, New York, NY",40.7264773,"East Village, New York, NY",-73.9815337,82,52273,24,2,11,11,10,8,29,1253,75.4,0.132,8.641,0.979,4,6.1,0,0,98.4,11,15.6,36.662,11,57,58,70,42,90,11,93,72,1,4,40412,400338,222,0.933,229759,13.3,0.63,80.6,0.599,0.774,93.3,32.996,2.715,265,7898,25,1.23
139,"New York, NY",Financial District,2880,3500,4467,Pricey,"Financial District, New York, NY",40.7077143,"Financial District, New York, NY",-74.0082787,82,125124,9,1,2,21,10,4,9,6294,82.6,0.158,8.641,0.979,4,6.1,0,45.2,98.4,0,13,36.662,9.9,59,37,81,27,85,8,100,44,0,9,192641,509007,222,0.857,371489,14.3,0.565,80.6,0.599,0.774,93.3,32.996,2.685,507,7126,29.73,20
140,"New York, NY",Flatiron District,,4500,,Pricey,"Flatiron District, New York, NY",40.740083,"Flatiron District, New York, NY",-73.9903489,82,144191,20,8,0,12,10,8,3,3204,100,0.14,8.641,0.979,4,6.1,0,0,98.4,0,14.4,36.662,10.3,62,58,79,28,95,17,100,69,1,5,540754,412033,222,0.961,413175,12.6,0.76,80.6,0.599,0.774,93.3,32.996,2.743,908,8108,25.64,12.79
141,"New York, NY",Fort George,,1700,2083,Cheap,"Fort George, New York, NY",40.8582679,"Fort George, New York, NY",-73.9318299,82,75320,24,3,1,5,10,33,6,1128,0,0.157,8.641,0.979,4,6.1,0,0,98.4,13,25.1,36.662,15.8,44,58,57,47,82,19,96,46,0,4,123798,247353,222,0.861,51263,4.6,0.79,80.6,0.599,0.774,93.3,32.996,2.543,600,7931,27.91,1.49
142,"New York, NY",Fort Greene,2685,3365,,Pricey,"Fort Greene, New York, NY",40.6920638,"Fort Greene, New York, NY",-73.9741874,80,70298,24,0,0,57,10,0,0,37,100,0.132,3.892,0.979,0,6.1,0,0,96.8,19,19.1,50.24,11.4,46,69,50,51,83,17,66,39,1,1,1745,277974,223,0.391,142313,0,0.376,80.6,0.517,0.774,93.3,32.996,2.808,226,13820,26.28,0.57
143,"New York, NY",Garment District,2940,3450,4000,Pricey,"Garment District, New York, NY",40.7547072,"Garment District, New York, NY",-73.9916342,82,56420,27,6,9,3,10,33,32,1144,100,0.151,8.641,0.979,4,6.1,0,0,98.4,0,17.1,36.662,11.9,62,58,75,43,91,13,100,72,1,3,178189,586127,222,0.926,379690,22.1,0.685,80.6,0.599,0.774,93.3,32.996,2.919,637,9098,27.18,4.28
144,"New York, NY",Gramercy Park,2790,3495,3995,Pricey,"Gramercy Park, New York, NY",40.7367783,"Gramercy Park, New York, NY",-73.9844722,82,93750,46,20,0,21,10,2,12,835,100,0.132,8.641,0.979,4,6.1,0,0,98.4,0,14.7,36.662,9.8,61,58,80,46,93,16,100,69,1,4,194467,502663,222,0.923,270913,9.6,0.737,80.6,0.599,0.774,93.3,32.996,2.76,502,7273,27.09,2.34
145,"New York, NY",Greenwich Village,,3290,3938,Pricey,"Greenwich Village, New York, NY",40.7335719,"Greenwich Village, New York, NY",-74.0027418,82,96250,35,20,0,6,10,2,16,984,95.4,0.151,8.641,0.979,4,6.1,0,0,98.4,0,15.4,36.662,9.4,60,58,79,28,95,14,100,64,1,5,116124,377313,222,0.949,466062,2.1,0.705,80.6,0.599,0.774,93.3,32.996,2.735,466,7114,25.01,5.99
146,"New York, NY",Hamilton Heights,1800,1995,2625,Cheap,"Hamilton Heights, New York, NY",40.8252793,"Hamilton Heights, New York, NY",-73.9476139,82,37845,36,12,58,3,10,60,11,1641,0,0.14,8.641,0.979,4,6.1,0,0,98.4,18,28.9,36.662,19.2,43,58,49,78,91,20,100,51,1,4,161121,257166,222,0.788,156466,5.2,0.813,80.6,0.599,0.774,93.3,32.996,2.421,713,8732,28.97,2.33
147,"New York, NY",Hell's Kitchen,2625,3275,3495,Pricey,"Hell's Kitchen, New York, NY",40.7637581,"Hell's Kitchen, New York, NY",-73.9918181,82,64513,18,5,7,2,10,36,11,2142,100,0.152,8.641,0.979,4,6.1,0,0,98.4,0,18,36.662,12.2,62,58,74,46,92,15,98,74,1,3,142457,488708,222,0.921,297052,11.9,0.713,80.6,0.599,0.774,93.3,32.996,2.85,160,7742,27.59,2.14
148,"New York, NY",Hudson Heights,,1950,,Cheap,"Hudson Heights, New York, NY",40.8534973,"Hudson Heights, New York, NY",-73.9374517,82,88571,30,11,2,4,10,12,12,1495,35.2,0.157,8.641,0.979,4,6.1,0,85.9,98.4,13,19.3,36.662,11.1,54,30,66,43,81,21,90,45,0,3,78548,264130,222,0.86,95462,7.4,0.829,80.6,0.599,0.774,93.3,32.996,2.488,424,8964,25,1.11
149,"New York, NY",Hunters Point,2520,2999,4238,Average,"Hunters Point, New York, NY",40.7485587,"Hunters Point, New York, NY",-73.9496464,81,81731,19,11,3,20,10,34,9,895,88.3,0.12,3.633,0.979,4,6.1,0,46.8,95.5,17,19.6,36.662,11.3,39,37,61,28,78,34,95,14,1,0,10328,470923,222,0.841,314672,13.3,0.673,64,0.449,0.774,93.3,32.996,2.517,428,9569,27.66,2.01
150,"New York, NY",Inwood,,1750,2300,Cheap,"Inwood, New York, NY",40.8677145,"Inwood, New York, NY",-73.9212019,82,51711,31,7,13,5,10,36,4,800,17.5,0.16,8.641,0.979,4,6.1,0,87.5,98.4,13,24.8,36.662,16.9,53,29,56,43,87,22,87,49,1,3,59016,237279,222,0.623,74349,4,0.847,80.6,0.599,0.774,93.3,32.996,2.546,334,8821,25,0.88
151,"New York, NY",Kips Bay,2588,3200,3395,Pricey,"Kips Bay, New York, NY",40.7423292,"Kips Bay, New York, NY",-73.9800645,82,89318,16,5,0,14,10,2,9,1282,100,0.13,8.641,0.979,4,6.1,0,0,98.4,0,16.8,36.662,12.7,61,58,75,41,99,20,100,62,1,3,196244,587605,222,0.933,299226,0,0.805,80.6,0.599,0.774,93.3,32.996,2.759,446,6687,28.22,2.6
152,"New York, NY",Lincoln Square,2650,4000,6250,Pricey,"Lincoln Square, New York, NY",40.7741769,"Lincoln Square, New York, NY",-73.9849118,82,72841,52,30,51,2,10,7,14,596,49.5,0.151,8.641,0.979,4,6.1,0,0,98.4,0,19.6,36.662,13.5,56,58,72,67,95,2,92,40,1,4,22094,392967,222,0.912,249698,0,0.399,80.6,0.599,0.774,93.3,32.996,2.758,548,8990,25,1.28
153,"New York, NY",Long Island City,2499,2850,3575,Average,"Long Island City, New York, NY",40.744679,"Long Island City, New York, NY",-73.9485424,81,41827,26,16,2,29,10,17,6,589,100,0.119,3.633,0.979,4,6.1,0,55.4,95.5,17,19.4,36.662,10.3,42,35,62,40,87,41,98,24,1,1,35257,420698,222,0.916,268659,5.1,0.803,64,0.449,0.774,93.3,32.996,2.483,360,8527,25.62,1.81
154,"New York, NY",Lower East Side,,3269,4395,Pricey,"Lower East Side, New York, NY",40.715033,"Lower East Side, New York, NY",-73.9842724,82,56912,42,25,10,9,10,16,12,1717,98.4,0.136,8.641,0.979,4,6.1,0,0,98.4,11,17.2,36.662,11,60,58,69,53,95,21,100,74,1,11,119851,433387,222,0.873,212208,2.8,0.833,80.6,0.599,0.774,93.3,32.996,2.674,406,7295,27.5,2.31
155,"New York, NY",Manhattan Valley,2600,3200,4005,Pricey,"Manhattan Valley, New York, NY",40.796989,"Manhattan Valley, New York, NY",-73.9697065,82,37091,41,23,6,6,10,47,12,1085,0,0.146,8.641,0.979,4,6.1,0,0,98.4,0,18.4,36.662,10.2,43,58,76,55,86,32,100,41,1,2,165139,331861,222,0.744,224753,23.8,0.952,80.6,0.599,0.774,93.3,32.996,2.656,851,7704,28.17,3.75
156,"New York, NY",Midtown East,2500,3223,3835,Pricey,"Midtown East, New York, NY",40.7571432,"Midtown East, New York, NY",-73.9718815,82,83866,24,13,2,22,10,13,8,1334,100,0.131,8.641,0.979,4,6.1,0,0,98.4,0,15.9,36.662,10.3,61,58,78,31,90,20,100,70,1,1,173420,631288,222,0.892,426461,14.7,0.817,80.6,0.599,0.774,93.3,32.996,2.724,849,8960,25,7.17
157,"New York, NY",Midtown Manhattan,2600,3300,3600,Pricey,"Midtown Manhattan, New York, NY",40.7549309,"Midtown Manhattan, New York, NY",-73.9840195,82,69250,67,7,0,13,10,6,0,157,100,0.14,8.641,0.979,4,6.1,0,0,98.4,0,15.5,36.662,10.8,62,58,78,34,86,6,99,91,1,1,128843,646973,222,0.917,501499,59.9,0.522,80.6,0.599,0.774,93.3,32.996,2.818,1025,10782,27.39,9.23
158,"New York, NY",Morningside Heights,,2500,,Average,"Morningside Heights, New York, NY",40.8105443,"Morningside Heights, New York, NY",-73.9620581,82,125313,23,14,5,19,10,7,5,2241,12.8,0.15,8.641,0.979,4,6.1,0,64.7,98.4,0,13.3,36.662,11,51,34,80,35,84,17,78,21,1,2,44642,234997,222,0.713,164609,10.9,0.756,80.6,0.599,0.774,93.3,32.996,2.549,633,9863,34.88,1.08
159,"New York, NY",Murray Hill,2500,3200,3500,Pricey,"Murray Hill, New York, NY",40.7478792,"Murray Hill, New York, NY",-73.9756567,82,133110,21,11,2,10,10,3,7,1126,100,0.131,8.641,0.979,4,6.1,0,80.8,98.4,0,14.2,36.662,9.3,61,31,81,31,92,15,100,59,1,1,88422,694685,222,0.935,338428,2.6,0.714,80.6,0.599,0.774,93.3,32.996,2.748,546,7052,28.59,2.02
160,"New York, NY",NoHo,3250,3600,,Pricey,"NoHo, New York, NY",40.7286587,"NoHo, New York, NY",-73.9925526,82,150714,35,17,2,6,10,3,1,1942,100,0.141,8.641,0.979,4,6.1,0,0,98.4,0,14.7,36.662,8.6,62,58,81,20,93,24,100,78,1,4,154420,400685,222,0.947,444055,9.4,0.866,80.6,0.599,0.774,93.3,32.996,2.702,707,8157,30.16,2.79
161,"New York, NY",NoMad,,3845,,Pricey,"NoMad, New York, NY",40.7446072,"NoMad, New York, NY",-73.9874105,82,138750,13,5,2,26,10,6,16,3155,100,0.14,8.641,0.979,4,6.1,0,0,98.4,0,13.6,36.662,9.5,62,58,81,35,93,14,100,93,1,3,207770,546601,222,0.957,415152,15,0.703,80.6,0.599,0.774,93.3,32.996,2.694,732,8651,28.28,4.55
162,"New York, NY",Northeastern Queens,,1975,2460,Cheap,"Northeastern Queens, New York, NY",40.7282239,"Northeastern Queens, New York, NY",-73.7948516,81,91688,37,17,20,40,10,0,2,1499,94.7,0.199,3.633,0.979,4,6.1,0,0,95.5,0,17.2,42.359,10.7,44,58,67,18,67,60,90,9,0,0,20529,228976,222,0.71,23737,6.2,0.938,80.6,0.449,0.774,93.3,32.996,3.232,239,11218,25,1.91
163,"New York, NY",Northern Brooklyn,2605,3204,3500,Pricey,"Northern Brooklyn, New York, NY",40.7653995,"Northern Brooklyn, New York, NY",-73.8175923,81,50643,23,7,1,59,10,31,25,2034,100,0.234,3.633,0.979,4,6.1,0,100,95.5,0,19.6,42.359,16.6,48,24,60,48,90,36,100,20,1,1,219485,210384,222,0.679,60196,0,0.778,57,0.449,0.774,93.3,32.996,3.06,296,8146,27.28,2.98
164,"New York, NY",Northwestern Brooklyn,2630,3367,4595,Pricey,"Northwestern Brooklyn, New York, NY",40.6960679,"Northwestern Brooklyn, New York, NY",-73.9845407,80,91375,7,3,16,10,10,6,8,676,98.5,0.135,3.892,0.979,0,6.1,0,62.7,96.8,19,23.4,50.24,15.3,45,45,43,26,86,23,99,29,1,7,62760,441880,223,0.403,191395,10.9,0.529,80.6,0.517,0.774,93.3,32.996,2.763,395,8300,29.36,2.29
165,"New York, NY",Northwestern Queens,2400,2650,3000,Average,"Northwestern Queens, New York, NY",40.7572001,"Northwestern Queens, New York, NY",-73.9691882,82,136354,33,12,0,7,10,3,0,416,100,0.129,8.641,0.979,4,6.1,0,0,98.4,0,15.2,36.662,9.8,61,58,79,53,82,0,100,64,1,0,130908,607624,222,0.895,405866,45.7,0.267,80.6,0.599,0.774,93.3,32.996,2.763,685,9120,28.24,4.01
166,"New York, NY",Park Slope,,2750,,Average,"Park Slope, New York, NY",40.6710672,"Park Slope, New York, NY",-73.9814228,80,130147,30,8,16,2,10,19,4,1152,100,0.126,3.892,0.979,0,6.1,0,0,96.8,0,17.5,50.24,10.3,46,69,65,27,87,37,87,39,1,1,53335,202423,223,0.837,97406,1.3,0.829,80.6,0.517,0.774,93.3,32.996,2.766,208,9353,26.61,1.34
167,"New York, NY",Prospect Lefferts Gardens,,2700,,Average,"Prospect Lefferts Gardens, New York, NY",40.6592355,"Prospect Lefferts Gardens, New York, NY",-73.9533895,80,43846,28,7,86,4,10,8,23,1559,100,0.119,3.892,0.979,0,6.1,0,0,96.8,19,30.9,50.24,18.1,46,69,36,33,79,44,92,47,1,0,75496,159762,223,0.799,82072,13.4,0.916,80.6,0.517,0.774,93.3,32.996,2.797,266,9600,25,1.58
168,"New York, NY",Rego Park,,2745,3495,Average,"Rego Park, New York, NY",40.7255722,"Rego Park, New York, NY",-73.8624893,81,59634,33,17,2,24,10,8,5,563,100,0.149,3.633,0.979,4,6.1,0,0,95.5,0,17.9,42.359,10.8,44,58,66,47,82,65,83,20,1,0,19704,284652,222,0.627,66419,0,0.935,89,0.449,0.774,93.3,32.996,3.144,22,10113,25,1.6
169,"New York, NY",Rose Hill,2600,3200,3395,Pricey,"Rose Hill, New York, NY",40.742233,"Rose Hill, New York, NY",-73.9837375,82,114545,15,9,13,11,10,9,10,1273,100,0.134,8.641,0.979,4,6.1,0,0,98.4,0,15,36.662,11.9,61,58,77,40,91,13,100,83,1,4,100816,557522,222,0.934,387901,21.7,0.692,80.6,0.599,0.774,93.3,32.996,2.76,872,7772,27.51,4.58
170,"New York, NY",South Slope,,2750,,Average,"South Slope, New York, NY",40.6605508,"South Slope, New York, NY",-73.9874105,80,57163,7,1,0,2,10,36,0,681,73.8,0.131,3.892,0.979,0,6.1,0,96.8,96.8,0,21,50.24,14.4,42,37,58,37,78,28,76,37,0,2,36386,265522,223,0.731,73304,5.4,0.651,80.6,0.517,0.774,93.3,32.996,2.779,128,9144,37.18,1.27
171,"New York, NY",Southwestern Brooklyn,,1799,2000,Cheap,"Southwestern Brooklyn, New York, NY",40.6534959,"Southwestern Brooklyn, New York, NY",-74.010211,80,31728,19,9,14,3,10,82,25,1266,68.3,0.157,3.892,0.979,0,6.1,0,66.6,96.8,0,31.4,50.24,23.9,43,44,44,41,82,33,83,33,1,1,32491,187115,223,0.587,73944,6.2,0.752,80.6,0.517,0.774,93.3,32.996,2.809,180,9876,36.25,2.02
172,"New York, NY",Sunnyside,1725,2038,2450,Cheap,"Sunnyside, New York, NY",40.7432759,"Sunnyside, New York, NY",-73.9196324,81,54683,33,11,0,29,10,15,8,1285,0,0.124,3.633,0.979,4,6.1,0,94.5,95.5,17,21.5,36.662,12.7,24,27,58,48,96,43,100,57,1,2,167345,354062,222,0.849,165176,0,0.811,69,0.449,0.774,93.3,32.996,2.859,445,7402,28.47,4.92
173,"New York, NY",Sutton Place,,3495,,Pricey,"Sutton Place, New York, NY",40.7576281,"Sutton Place, New York, NY",-73.961698,82,96341,60,32,0,0,10,3,0,1164,100,0.126,8.641,0.979,4,6.1,0,60.7,98.4,0,15.8,36.662,7.4,61,34,82,25,84,12,100,30,1,0,224402,561310,222,0.852,255861,12.6,0.655,80.6,0.599,0.774,93.3,32.996,2.66,417,7032,28.18,2.71
174,"New York, NY",Theater District,2650,3500,4995,Pricey,"Theater District, New York, NY",40.759011,"Theater District, New York, NY",-73.9844722,82,124821,14,6,0,20,10,3,22,869,100,0.146,8.641,0.979,4,6.1,0,0,98.4,0,13.3,36.662,9.4,62,58,81,35,88,12,100,90,1,1,143656,560082,222,0.931,496255,42.4,0.658,80.6,0.599,0.774,93.3,32.996,2.836,742,9273,28.63,14.22
175,"New York, NY",Tribeca,,3999,5300,Pricey,"Tribeca, New York, NY",40.7162692,"Tribeca, New York, NY",-74.0086323,82,250001,31,8,1,7,10,4,6,1580,87.5,0.163,8.641,0.979,4,6.1,0,47.8,98.4,0,15.7,36.662,8.8,60,36,80,17,91,23,98,50,1,6,127023,436520,222,0.929,420621,23.5,0.862,80.6,0.599,0.774,93.3,32.996,2.828,371,8320,30.31,2.35
176,"New York, NY",Turtle Bay,2500,3168,3805,Average,"Turtle Bay, New York, NY",40.7571432,"Turtle Bay, New York, NY",-73.9718815,82,83866,24,13,2,22,10,13,8,1334,100,0.131,8.641,0.979,4,6.1,0,0,98.4,0,15.9,36.662,10.3,61,58,78,31,90,20,100,70,1,1,173420,631288,222,0.892,426461,14.7,0.817,80.6,0.599,0.774,93.3,32.996,2.724,849,8960,25,7.17
177,"New York, NY",Upper East Side,2200,2800,3400,Average,"Upper East Side, New York, NY",40.7735649,"Upper East Side, New York, NY",-73.9565551,82,72212,53,25,0,12,10,2,20,746,100,0.131,8.641,0.979,4,6.1,0,0,98.4,0,17,36.662,10.8,61,58,76,28,89,22,100,60,1,2,156349,454129,222,0.84,240689,16.8,0.839,80.6,0.599,0.774,93.3,32.996,2.704,620,7334,29.16,2.43
178,"New York, NY",Central Harlem,2295,2950,3495,Average,"Central Harlem, New York, NY",40.8089419,"Central Harlem, New York, NY",-73.9482305,82,32957,31,8,59,1,10,15,29,1080,100,0.138,8.641,0.979,4,6.1,0,0,98.4,18,29.1,36.662,19.1,62,58,49,45,86,27,98,48,1,3,76870,251501,222,0.719,173831,21.5,0.904,80.6,0.599,0.774,93.3,32.996,2.656,684,8873,28.64,2.05
179,"New York, NY",Upper West Side,2517,3500,4900,Pricey,"Upper West Side, New York, NY",40.7870106,"Upper West Side, New York, NY",-73.9753676,82,113318,31,13,1,6,10,6,3,1639,51.9,0.145,8.641,0.979,4,6.1,0,0,98.4,0,17.6,36.662,10.4,55,58,76,31,90,25,97,35,1,2,163692,315737,222,0.984,212950,10.7,0.878,80.6,0.599,0.774,93.3,32.996,2.74,766,8039,33.81,2.25
180,"New York, NY",Washington Heights,1698,1825,2325,Cheap,"Washington Heights, New York, NY",40.8417082,"Washington Heights, New York, NY",-73.9393554,82,49189,27,11,15,10,10,62,18,2335,0,0.149,8.641,0.979,4,6.1,0,0,98.4,13,28.1,36.662,19.8,44,58,52,45,95,17,100,75,1,3,173252,307438,222,0.677,197436,0,0.764,80.6,0.599,0.774,93.3,32.996,2.43,745,7995,25.39,2.65
181,"New York, NY",West Village,2948,3600,4675,Pricey,"West Village, New York, NY",40.73468,"West Village, New York, NY",-74.0047554,82,97857,27,4,3,10,10,8,5,733,100,0.157,8.641,0.979,4,6.1,0,0,98.4,0,15.9,36.662,10.4,63,58,78,44,94,16,100,48,1,10,122224,368440,222,0.954,330900,9.6,0.737,80.6,0.599,0.774,93.3,32.996,2.756,335,6758,28.41,3.32
182,"New York, NY",Williamsburg,2604,3250,4056,Pricey,"Williamsburg, New York, NY",40.7081156,"Williamsburg, New York, NY",-73.9570696,80,36131,14,6,1,2,10,14,40,1800,59,0.122,3.892,0.979,0,6.1,0,80.1,96.8,20,24.8,36.662,26.9,40,41,44,53,82,28,97,82,1,0,68709,355673,223,0.782,171418,10.5,0.655,80.6,0.517,0.774,93.3,32.996,2.759,518,8388,33.87,2.9
183,"New York, NY",Yonkers,,1865,,Cheap,"Yonkers, New York, NY",40.9312099,"Yonkers, New York, NY",-73.8987469,82,29635,48,27,39,28,9,25,15,1778,75.3,0.29,5.272,0.979,6.333,11.5,0,0,99,0,35.9,66.67,20.8,63,52,44,69,87,27,82,53,1,3,68014,115077,125,0.651,28122,10.2,0.763,76,0.538,0.774,93,32.996,2.498,19,9483,28.96,1.73
184,"New York, NY",Yorkville,2200,2800,3300,Average,"Yorkville, New York, NY",40.7762231,"Yorkville, New York, NY",-73.9492079,82,89083,38,18,1,2,10,4,5,1810,100,0.129,8.641,0.979,4,6.1,0,0,98.4,0,16.4,36.662,9.6,61,58,78,34,90,14,100,57,1,2,262429,469366,222,0.811,158114,12.7,0.702,80.6,0.599,0.774,93.3,32.996,2.693,475,7095,27.67,2.7
